"conversation_id_str","created_at","favorite_count","full_text","id_str","image_url","in_reply_to_screen_name","lang","location","quote_count","reply_count","retweet_count","tweet_url","user_id_str","username"
"1852997407661027775","Sun Nov 03 08:53:03 +0000 2024","1","Betul banget ada salah satu penelitian yg nyebut total hasil industri tekstil saat ini tuh bahkan udah cukup buat memenuhi kebutuhan pakaian untuk 5-6 generasi yang akan datang. Kalo impulsif nanti yg ada penumpukkan limbah tekstil makin banyak.","1852997407661027775","","","in","","0","1","0","https://x.com/egyaruz/status/1852997407661027775","1879529594","egyaruz"
"1852765690895454710","Sat Nov 02 17:34:59 +0000 2024","0","besides of sustainable living mengurangi kebiasaan konsumsi barang secara masif juga sebenernya perlu! apalagi industri fashion jadi penyumbang limbah terbesar‚Äç‚ÜïÔ∏è‚Äç‚ÜïÔ∏è","1852766369231827422","","poplinboo","in","","0","0","0","https://x.com/poplinboo/status/1852766369231827422","273471125","poplinboo"
"1852700980120584644","Sat Nov 02 13:15:09 +0000 2024","0","Berbahaya jika ada sekarang limbah industri di kali / sungai di wilayah Kota Bekasi...","1852700980120584644","","","in","","0","0","0","https://x.com/rulinainggolan1/status/1852700980120584644","751649048403152896","rulinainggolan1"
"1852079305842704674","Thu Oct 31 20:25:51 +0000 2024","2","@infoBMKG @dinaslhdki @DKIJakarta Jgn termakan informasi polusi dr emisi kendaraan itu semua salah. Polusi terbesar itu dr PLTU limbah industri dan industri ilegal sprti pembakaran aki dll dibanten jabar. Terbukti polusi udara memburuk mulai dr malam hari Udara membaik jd bersih jika ada angin speed cepat aja https://t.co/w15grmWbiW","1852084592767029473","https://pbs.twimg.com/media/GbPtHbWakAA29AN.jpg","Polusi_udara01","in","","1","1","0","https://x.com/Polusi_udara01/status/1852084592767029473","1680198797744570369","Polusi_udara01"
"1851957159053136334","Thu Oct 31 11:59:29 +0000 2024","0","Polusi menjadi masalah global yang mengancam kesehatan manusia dan lingkungan. Sumber polusi berasal dari aktivitas industri transportasi pertanian dan limbah yang memiliki dampak yang luas. mulai dari penurunan kualitas udara dan air hingga degradasi Ekosistem @AdamErje","1851957159053136334","","","in","","0","0","0","https://x.com/alesaa_11/status/1851957159053136334","1837369666194526212","alesaa_11"
"1851853549963219394","Thu Oct 31 05:07:46 +0000 2024","0","Kini saatnya beralih ke inovasi hijau dengan teknologi RT ECO‚Ñ¢ solusi modern dalam pengolahan limbah kelapa sawit tanpa kolam limbah. Teknologi ini hadir sebagai jawaban atas kebutuhan industri kelapa sawit akan pengelolaan limbah yang efisien ramah lingkungan dan https://t.co/CPSl0i59IC","1851853549963219394","https://pbs.twimg.com/media/GbMa7vrb0AACXLw.jpg","","in","Menara Ravindo 6th floor Jkt","0","0","0","https://x.com/AquaJayaSumber/status/1851853549963219394","1623541003151110149","AquaJayaSumber"
"1851417426614964634","Wed Oct 30 23:09:54 +0000 2024","0","@Strategi_Bisnis Ormasnya akamsi terlalu mata duitan ga cocok apple produk negara maju masuk negeri rentenir macam wilyah kawasan industri di Indonesia saat ini. Kemarin aja ormas goblok malah maksa minta limbah pabrik pake demo","1851763487997071417","","Strategi_Bisnis","in","","0","0","0","https://x.com/Melioda23402804/status/1851763487997071417","1410371482434166787","Melioda23402804"
"1851479651841163315","Wed Oct 30 04:44:00 +0000 2024","0","Lean Manufacturing telah menjadi pendekatan standar dalam teknik industri untuk meminimalkan limbah.","1851485179048837369","","AlamSosial","in","","0","1","0","https://x.com/AlamSosial/status/1851485179048837369","1844266574133567488","AlamSosial"
"1851479651841163315","Wed Oct 30 04:29:55 +0000 2024","0","Makalah () ini mengeksplorasi perkembangan mutakhir dalam bidang teknik industri dengan penekanan pada teknologi yang memungkinkan integrasi cerdas optimasi efisiensi dan penurunan limbah.","1851481637890244631","","AlamSosial","in","","0","1","0","https://x.com/AlamSosial/status/1851481637890244631","1844266574133567488","AlamSosial"
"1851176626241069537","Tue Oct 29 12:17:37 +0000 2024","0","Teknik Kimia memungkinkan pengembangan teknologi proses yang dapat meningkatkan efisiensi produksi dan mengurangi limbah di industri-industri strategis seperti energi petrokimia pangan dan farmasi.","1851236950407332200","","AlamSosial","in","","0","1","0","https://x.com/AlamSosial/status/1851236950407332200","1844266574133567488","AlamSosial"
"1851176626241069537","Tue Oct 29 11:38:38 +0000 2024","0","Dalam jangka panjang kebijakan lingkungan yang efektif dapat mendorong terciptanya ekonomi sirkular yang mengurangi limbah dan mendukung industri yang lebih mandiri dan kompetitif.","1851227136658653394","","AlamSosial","in","","0","1","0","https://x.com/AlamSosial/status/1851227136658653394","1844266574133567488","AlamSosial"
"1851176626241069537","Tue Oct 29 11:36:24 +0000 2024","0","Inovasi dalam teknologi pengolahan limbah juga memungkinkan peningkatan efisiensi industri melalui daur ulang material dan pengurangan biaya lingkungan yang menjadi daya tarik bagi investor asing serta memperkuat ketahanan ekonomi dalam menghadapi perubahan iklim.","1851226577545412980","","AlamSosial","in","","0","1","0","https://x.com/AlamSosial/status/1851226577545412980","1844266574133567488","AlamSosial"
"1851202330475016657","Tue Oct 29 10:49:48 +0000 2024","0","@convomf Keran rumahmu udh tercemar limbah industri kah nder? Air klo dimasak ya bakterinya mati. Kecuali airnya kotor butek.","1851214849461928175","","convomf","in","","0","0","0","https://x.com/MasPegasus/status/1851214849461928175","1650114507816185861","MasPegasus"
"1850871563031400710","Tue Oct 29 10:05:03 +0000 2024","0","@master_rosh_ kasih captionnya akibat terlalu banyak terpapar limbah industri yang dibuang sembarangan ","1851203587206234596","","master_rosh_","in","","0","0","0","https://x.com/WakanaiImi/status/1851203587206234596","1527062353405018112","WakanaiImi"
"1851169354299387933","Tue Oct 29 07:49:01 +0000 2024","4","Limbah kpop industri: https://t.co/rg4UnJdFBM","1851169354299387933","https://pbs.twimg.com/media/GbCsteMbQAAMNEO.jpg","","in","Him/21+  ","0","0","1","https://x.com/Eunvbiz/status/1851169354299387933","1837888185931911175","Eunvbiz"
"1850967997353246975","Mon Oct 28 18:33:15 +0000 2024","1","Jgn termakan informasi polusi dr emisi kendaraan itu semua salah. Polusi terbesar itu dr PLTU limbah industri dan industri ilegal sprti pembakaran aki dll dibanten jabar. Terbukti polusi udara memburuk mulai dr malam hari Udara membaik jd bersih jika ada angin speed cepat aja https://t.co/c1us8jFRKR","1850969093744312359","https://pbs.twimg.com/media/Ga_2kzNaUAACcJQ.jpg","Polusi_udara01","in","","0","1","0","https://x.com/Polusi_udara01/status/1850969093744312359","1680198797744570369","Polusi_udara01"
"1850826514843177350","Mon Oct 28 09:06:43 +0000 2024","0","Salah satu solusi energi yaitu Pembangkit Listrik Tenaga Biomassa (PLTBm). Kegiatan ini mengolah bahan seperti kayu tanaman energi dan limbah pertanian menjadi listrik. Energi ini mendukung industri dan mempercepat transisi ke masa depan energi yang lebih hijau.","1850826519452746061","","LhkBsi","in","Bogor, Jawa Barat","0","1","0","https://x.com/LhkBsi/status/1850826519452746061","1600364129411534848","LhkBsi"
"1850768340782084391","Mon Oct 28 05:19:26 +0000 2024","0","Pejabat Pengawas Lingkungan (PPLH) DLH Bandung Barat menduga limbah ini berasal dari kawasan industri di Batujajar &amp; Padalarang. Setelah investigasi PPLH pun menyegel lokasi pembuangan ini. https://t.co/JoSviw2n0i","1850769320374337663","","CoalDeSac","in","","0","1","0","https://x.com/CoalDeSac/status/1850769320374337663","1349982663382188035","CoalDeSac"
"1850087580580315226","Sat Oct 26 08:10:53 +0000 2024","8","Pada kunjungan ini Wapres Gibran menekankan pentingnya agar proyek ini dapat selesai tepat waktu untuk mencegah dampak langsung kepadatan permukiman area bisnis dan industri terhadap air sanitasi dan produksi limbah di Jakarta. https://t.co/1bheO7lveK","1850087693381927116","https://pbs.twimg.com/media/GazU71DakAA4E2-.jpg","KemenPU","in","Jl. Pattimura no.20","0","1","1","https://x.com/KemenPU/status/1850087693381927116","179835283","KemenPU"
"1849811142249779651","Fri Oct 25 13:51:58 +0000 2024","1320"," (LAGI DAN LAGI) TERJADI KECELAKAAN KERJA DI IMIP Jum'at 25 Oktober 2024 terjadi ledakan di Kolam Limbah 1 PT. DSI di kompleks Industri hilirisasi Morowali. Kecelakaan terjadi pada pukul 16.40 WIT ini menyebabkan seorang operator crane meninggal di tempat kejadian. https://t.co/pEraekybMv","1849811142249779651","https://pbs.twimg.com/ext_tw_video_thumb/1849810457370222592/pu/img/QWbw18A1dSe4jcDZ.jpg","","in","Indonesia","133","80","623","https://x.com/TrendAsia_Org/status/1849811142249779651","935202295158939648","TrendAsia_Org"
"1849447792919417302","Fri Oct 25 03:56:14 +0000 2024","3","@AnKiiim_ Rerata org2 dikepolisian... Kalau sudah viral kalang kabut tolong usut juga dugaan pemerasan perusahaan oleh oknum diberbagai kawasan industri ataupun usaha rumahan dengan dalih limbah industri ijin usaha ijin pom dll... @ListyoSigitP semoga polisi makin bersih dan mengayomi","1849661220602699825","","AnKiiim_","in",".... ","0","0","0","https://x.com/abuuudzar/status/1849661220602699825","386640139","abuuudzar"
"1849649906975461444","Fri Oct 25 03:11:17 +0000 2024","0","LAYANAN SEDOT LIMBAH CAIR INDUSTRI DINAS LINGKUNGAN HIDUP KOTA PEKALONGAN - Dinas Lingkungan Hidup Kota Pekalongan - Website Resmi Dinas Lingkungan Hidup Kota Pekalongan - DLH https://t.co/7CmOAW6ftC https://t.co/1eDrxgr0CY","1849649906975461444","https://pbs.twimg.com/media/GatGx9JbYAA6NdY.jpg","","in","Kota Pekalongan, Jawa Tengah","0","0","0","https://x.com/DLHKotaPkl/status/1849649906975461444","1586923359602114561","DLHKotaPkl"
"1848388785048084615","Fri Oct 25 00:57:13 +0000 2024","0","@DlALOGIKA „Ö§ Ô∏èÔ∏è Merkuri gak cuma di bahan kosme bahkan keserap sama kerang atau terumbu karang laut pernah waktu itu di bahas limbah salah satu industri yang ada merkurinya di lepas ke laut Ô∏èÔ∏è","1849616170657382725","","DlALOGIKA","in","Jakarta - S/IC ","0","1","0","https://x.com/amertaprosa/status/1849616170657382725","2922005293","amertaprosa"
"1849487160858292246","Thu Oct 24 16:40:11 +0000 2024","0","@Beritasatu Hutan di gundulin gara2 keserakahan manusia dan limbah industri buang sembarangan manusia nya juga yg bikin bencana","1849491084696854618","","Beritasatu","in","Tangerang, Indonesia","0","0","0","https://x.com/jamalkobain666_/status/1849491084696854618","1491964091883085824","jamalkobain666_"
"1849390812293193959","Thu Oct 24 10:01:44 +0000 2024","6","Peninjauan Jakarta Sewerage Development Project (JSDP) Zona 1 dgn tujuan mencegah dampak langsung kepadatan permukiman area bisnis &amp; industri terhadap air sanitasi &amp; produksi limbah deni kebutuhan sanitasi yg baik di Jakarta Pusat Jakarta Barat &amp; Jakarta Utara. Gas lah. https://t.co/ZkUyjcLNRb","1849390812293193959","https://pbs.twimg.com/media/GapbIx1bIAEeHRI.jpg","","in","Bali, Indonesia","0","0","0","https://x.com/blisonny/status/1849390812293193959","1760157328291270657","blisonny"
"1849385352945099064","Thu Oct 24 09:40:02 +0000 2024","0","Nantinya dua mesin insinerator di Plant Dawuan akan mampu mengolah hingga 200 kode limbah B3 (medis dan industri) dan kapasitas maksimal pengolahan menjadi 30 ton per harinya https://t.co/HIH651XgdQ","1849385352945099064","","","in","Jakarta Capital Region, Indone","0","0","0","https://x.com/validnewsid/status/1849385352945099064","874558344593195008","validnewsid"
"1849012385413304737","Wed Oct 23 08:58:00 +0000 2024","0","Pencemaran Limbah Batu Bara di Bandung Barat Gubernur Jabar Minta Industri Taati AMDAL https://t.co/ccMeWIMxzE","1849012385413304737","","","in","Kota Bandung, Jawa Barat","0","0","0","https://x.com/ayobandungcom/status/1849012385413304737","2985307064","ayobandungcom"
"1848962522533269803","Wed Oct 23 06:00:32 +0000 2024","0","@alisyarief kenapa sampah pun diimpor? hebat pulak negeriku mau ya negeri ini mengelola sampah negeri lain? kalog sampah rumah tangga sik gag berbahaya tapi kalog sampah industri limbah beracun radioaktif masih mau diterima juga berarti fixed memang negeri ini dipenuhi pejabat A-MORAL","1848967723117908109","","alisyarief","in","Where No One Can't Find","0","0","0","https://x.com/_sixbalax_/status/1848967723117908109","1280540215694766082","_sixbalax_"
"1848681092565635391","Tue Oct 22 11:01:36 +0000 2024","0","ADHI telah berkomitmen untuk terus berinovasi dan mengembangkan solusi pengelolaan limbah terpadu yang berkelanjutan mulai dari pembangunan Fasilitas RDF di Bantargebang hingga menjadi pionir pembangunan Fasilitas Pengelolaan Limbah Terpadu di Kawasan Industri Medan. https://t.co/ynAtXHgapf","1848681101851824531","https://pbs.twimg.com/media/GafVqfJbEAQ7Y2j.jpg","adhikaryaID","in","Pasar Minggu, Indonesia","0","1","0","https://x.com/adhikaryaID/status/1848681101851824531","3265658803","adhikaryaID"
"1848608778310324407","Tue Oct 22 06:14:12 +0000 2024","0","Soal Limbah B3 Batu Bara di Bandung Barat Industri hingga Transporter Bisa Dijerat Hukum https://t.co/Nhrn5EMDP4","1848608778310324407","","","in","Kota Bandung, Jawa Barat","0","0","0","https://x.com/ayobandungcom/status/1848608778310324407","2985307064","ayobandungcom"
"1848452427248509128","Mon Oct 21 19:52:55 +0000 2024","1","OLIGARKI BAJINGAN!!! Mengatasnamakan Bioenergi untuk membodohi masyarakat Bioenergi itu solusi penanganan untuk limbah biomassa dari INDUSTRI untuk mengurangi dampak lingkungan Bukan biomassa tumbuhan yang diambil MENTAH dari alam! https://t.co/jy8UAdOl4A","1848452427248509128","","","in","bangkok","0","1","1","https://x.com/IbrahimNiar/status/1848452427248509128","1408532454051225601","IbrahimNiar"
"1848286473977766086","Mon Oct 21 09:48:41 +0000 2024","1","@Candrapangarep 1. Paracetamol bisa dibuat dari senyawa yang ditemukan di pohon pinus yang merupakan produk limbah dari industri kertas 2. Daun Sungkai (Peronema canescens) Tanaman Sungkai dapat menurunkan suhu tubuh pada dosis 15 mg/gr BB dgn hasil yang mendekati kntrol positifnya prcetamol","1848300364933828734","","Candrapangarep","in","","0","1","0","https://x.com/QueenzelWin01/status/1848300364933828734","1445040718267838466","QueenzelWin01"
"1847239185293512818","Fri Oct 18 11:35:00 +0000 2024","0","Ia menambahkan Petrokimia Gresik memiliki sejumlah program dalam transformasi industri hijau. Antara lain melakukan efisiensi energi dengan sejumlah inovasi di pabrik dan pengelolaan limbah sesuai dengan peraturan. #PGraihIndustriHijau #SustainabilityInAction","1847239957880164847","","ReshtuA","in","Jabar","0","1","0","https://x.com/ReshtuA/status/1847239957880164847","1327548607319343104","ReshtuA"
"1847237537036972430","Fri Oct 18 11:30:19 +0000 2024","0","Tidak hanya itu industri hijau Petrokimia Gresik lainnya yaitu pengelolaan limbah sesuai dengan peraturan yang disyaratkan pemerintah #PGraihIndustriHijau #SustainabilityInAction #PetrokimiaGresik #SolusiAgroIndustri","1847238776483127346","","anis_khoir01","in","Tuban, Indonesia","0","1","0","https://x.com/anis_khoir01/status/1847238776483127346","527644797","anis_khoir01"
"1846282917229875547","Tue Oct 15 20:40:36 +0000 2024","0","Polusi dan limbah dari industri menjadi semakin tinggi dimana-mana. Bahkan saat ini disetiap wilayah para penguasa berlomba-lomba untuk membuat pasukan terhebat dan senjata terhebat Tujuannya apalagi kalau bukan untuk keserakahan dan ketamakan?","1846290097425322454","","JNed_99","in","MATRIX","0","1","0","https://x.com/JNed_99/status/1846290097425322454","1591587519044341760","JNed_99"
"1845997974918471748","Tue Oct 15 01:19:52 +0000 2024","0","Selain ngurangin dampak limbah ini juga bisa jadi peluang buat industri lokal cuy!","1845997991079125204","","sisi_paramita","in","indonesia","0","1","0","https://x.com/sisi_paramita/status/1845997991079125204","1354734184007307268","sisi_paramita"
"1845994867501289667","Tue Oct 15 01:07:27 +0000 2024","0","Pemerintah daerah diharapkan bisa mengambil langkah kebijakan terkait perusahaan yang berpotensi membuang limbah B3 industri sembarangan. https://t.co/t0MQ1MHbHX","1845994867501289667","","","in","INDONESIA","0","0","0","https://x.com/antmegapolitan/status/1845994867501289667","3177962862","antmegapolitan"
"1845915108020834602","Mon Oct 14 19:50:33 +0000 2024","1","Kegiatan usaha Industri Pengawetan¬†Bambu menjadi penting tetapi juga berpotensi menimbulkan dampak lingkungan terutama untuk mengelola penggunaan bahan pengawet - yang tergolong bahan berbahaya.Selain itu juga ada potensi dampak timbulan limbah padat (serbuk dan potongan bambu)","1845915114664611898","","bpsilhk_bogor","in","Bogor","0","1","0","https://x.com/bpsilhk_bogor/status/1845915114664611898","841133070849789953","bpsilhk_bogor"
"1845737537987662153","Mon Oct 14 08:09:03 +0000 2024","0","..dan juga pengelola kawasan industri di Indonesia yakni Kawasan Industri EJIP Cikarang. Menurutnya workshop terkait penanganan tanggap darurat terhadap limbah B3 sangat penting dilakukan dirinya juga menginstruksikan pengelola kawasan industri di Kabupaten Bekasi..","1845738575616496119","","pemkabekasi","in","Bekasi, Jawa Barat","0","1","0","https://x.com/pemkabekasi/status/1845738575616496119","834221193485901824","pemkabekasi"
"1844625876866253112","Mon Oct 14 06:51:10 +0000 2024","0","Proses ini menjadi perhatian penting dalam upaya mitigasi kontaminasi tanah dan air yang disebabkan oleh limbah industri yang mengandung sianida.","1845718976699236807","","Mitrodjojo","in","","0","1","0","https://x.com/Mitrodjojo/status/1845718976699236807","1310912206481965056","Mitrodjojo"
"1845664649116856449","Mon Oct 14 03:15:17 +0000 2024","0","HORAS Sobat Industri! BSPJI Medan melakukan kegiatan Pengujian Pengambilan contoh dan Pengujian (insitu) contoh air limbah industri air limbah domestik dan air permukaan (badan air) Lengkap sesuai PP RI No. 22 Tahun 2021 di PT. Bridgestone Rubber Estate. https://t.co/Vm0Swi7A6V","1845664649116856449","https://pbs.twimg.com/media/GZ0eN13aYAAuWKL.jpg","","in","Medan","0","2","0","https://x.com/bspjimedan/status/1845664649116856449","1248129030789840897","bspjimedan"
"1845644051925840028","Mon Oct 14 01:53:30 +0000 2024","0","Smart move right? Selain ngurangin limbah ini juga bisa jadi peluang buat industri lokal.","1845644065045635427","","RickySatya7","in","","0","1","0","https://x.com/RickySatya7/status/1845644065045635427","1355045589436649475","RickySatya7"
"1845330675240665402","Sun Oct 13 12:11:08 +0000 2024","0","@agnes_nazila Tantangan dalam pengelolaan limbah dan polusi mendorong pertumbuhan industri pengelolaan lingkungan","1845437112705061313","","agnes_nazila","in","","0","0","0","https://x.com/lisa_prmta/status/1845437112705061313","1813507842911199232","lisa_prmta"
"1845343759699222705","Sun Oct 13 06:00:11 +0000 2024","3","Aktivitas manusia seperti pembabatan hutan limbah industri dan gas buang kendaraan melepas emisi gas rumah kaca ke atmosfer yang memperparah perubahan iklim. Jadi yang bikin bumi panas akibat ulah manusia atau alam itu sendiri? @ConversationIDN https://t.co/rxCf2HmIOV","1845343759699222705","","","in","Indonesia","1","0","1","https://x.com/kerupvk/status/1845343759699222705","2814280963","kerupvk"
"1845282085528834195","Sun Oct 13 02:51:41 +0000 2024","1","@tanyarlfes guys kalo mau buang limbah medis atau industri bisa bgt nanti pake jasa perusahaanku kalo mau tanya2 tentang pembuangan limbah bisa dm ya","1845296319054921739","","tanyarlfes","in","Indonesia","0","0","1","https://x.com/nitata54/status/1845296319054921739","2859928645","nitata54"
"1844997500996026695","Sat Oct 12 08:45:10 +0000 2024","1","@tsukilove8424 Mungkin kevin kalo fokus ke sustainable city bakal belajar sedikit tentang hukum. Karena industri butuh dokumen amdal sertifikasi lingkungan perencanaan kelola limbah.","1845022891748008001","","ravenclaw_itsme","in","","0","0","0","https://x.com/ravenclaw_itsme/status/1845022891748008001","1743506740799549440","ravenclaw_itsme"
"1844997500996026695","Sat Oct 12 08:43:08 +0000 2024","3","@tsukilove8424 Kalo menurutku karena CE bakal berkecimpung di dunia industri. Yang mana industri tersebut harus memenuhi regulasi terkait energi yang dipake dan limbah yg dihasilkan. Industri kalo ga menerapkan sustainable atau ga ekonomi sirkular.","1845022376515469457","","tsukilove8424","in","","0","3","0","https://x.com/ravenclaw_itsme/status/1845022376515469457","1743506740799549440","ravenclaw_itsme"
"1844994381100580917","Sat Oct 12 06:51:53 +0000 2024","8","Etymology (asal usul) 'virus'.. poison aka racun. Ada berapa racun yang kamu kenal dalam hidupmu? racun di udara racun di air racun di tanah. (baca polusi atau limbah/waste industri). semudah itu.. tapi kamu harus selalu vaksin yah.. https://t.co/xQH8SayJUJ https://t.co/qDWlbhQgKO","1844994381100580917","https://pbs.twimg.com/media/GZq78GaaAAESgig.jpg","","in","","0","6","2","https://x.com/Kapteng3/status/1844994381100580917","1338297374993567744","Kapteng3"
"1844597767328661679","Fri Oct 11 23:38:34 +0000 2024","2","@Alpha_Phoenix__ Biasanya Akamsi dan Karang Taruna menguasai parkiran dan pembuatan rumah warga. Kalo LSM dan ormas menguasai industri dan sering bentrok karena rebutan limbah dan patok lahan.","1844885335307845638","","Alpha_Phoenix__","in","","0","0","0","https://x.com/paradis4471/status/1844885335307845638","1783589355317260288","paradis4471"
"1844558728210571756","Fri Oct 11 22:09:06 +0000 2024","0","@kumparan Biasanya Akamsi dan Karang Taruna menguasai parkiran dan pembuatan rumah warga. Kalo LSM dan ormas menguasai industri dan sering bentrok karena rebutan limbah dan patok lahan.","1844862817759060444","","kumparan","in","","0","0","0","https://x.com/paradis4471/status/1844862817759060444","1783589355317260288","paradis4471"
"1844581938117607652","Fri Oct 11 10:41:02 +0000 2024","0","@yunepto Terkait jejak carbon pengelolaan limbah industri dkk. Cuman aku tertarik web 3 buat sampingan Kira-kira apa yaa yang cocok tapi aku bisa 3D desain juga sih lebih ke desain teknik.","1844689661345837145","","yunepto","in","","0","2","0","https://x.com/Rejaxone/status/1844689661345837145","1779676587019120640","Rejaxone"
"1844625459637788895","Fri Oct 11 06:25:55 +0000 2024","0","Kebijakan pemanfaatan limbah untuk industri menunjukkan kepedulian terhadap lingkungan. #SepuluhTahunKemajuan","1844625459637788895","","","in","","0","0","0","https://x.com/wirya_sihopan/status/1844625459637788895","1711942211200483328","wirya_sihopan"
"1844606030791180571","Fri Oct 11 05:08:43 +0000 2024","0","Saatnya industri kelapa sawit bertransformasi menjadi lebih ramah lingkungan dengan mengadopsi teknologi pengolah limbah inovatif seperti RT ECO‚Ñ¢. Di tengah sorotan dunia terhadap dampak lingkungan dari produksi kelapa sawit teknologi ini hadir sebagai solusi untuk mengurangi https://t.co/Cvm41NuLWO","1844606030791180571","https://pbs.twimg.com/media/GZlbYX8aoAAzOYN.jpg","","in","Menara Ravindo 6th floor Jkt","0","0","0","https://x.com/AquaJayaSumber/status/1844606030791180571","1623541003151110149","AquaJayaSumber"
"1840656078826312078","Thu Oct 03 13:09:53 +0000 2024","0","@samsungID Ingin sekali bikin rumah limbah. Dalam artian tempat untuk menukar limbah dgn uang / sembako. Kebetulan aku tinggal di Zona industri yg mana ada banyak sekali limbah yg dapat di daur ulang. @gilangjoh Yuk Ikutan! #GalaxyHackathon #VisionForTomorrow #GalaxyTabS10 #ExpandWorkPlay","1841828019134202125","","samsungID","in","Indonesia","0","0","0","https://x.com/tikasafira178/status/1841828019134202125","1608044226922819585","tikasafira178"
"1840656078826312078","Thu Oct 03 12:58:31 +0000 2024","0","@samsungID Ingin sekali bikin rumah limbah. Kebetulan aku tinggal di Zona industri yg mana ada banyak sekali limbah yg dapat di daur ulang. Yuk Ikutan! @bumiputra98 #GalaxyHackathon #VisionForTomorrow #GalaxyTabS10 #ExpandWorkPlay","1841825155850617297","","samsungID","in","Indonesia","0","0","0","https://x.com/Hilman846750073/status/1841825155850617297","1659068956928544770","Hilman846750073"
"1841801315896463361","Thu Oct 03 11:23:47 +0000 2024","0","barang reject atau curah. kalo di industri namanya barang reject ya langsung masuk ke limbah. sekelas silverqueen pasti punya sertifikat haccp iso22000 fssc dll masa iya bisa lolos dan ada barang curah?. itu bisa jadi brg exp atau mau exp yng dibongkar dan dijual dlm bntk curah","1841801318408544289","","stegoakanmenang","in","mlg","0","0","0","https://x.com/stegoakanmenang/status/1841801318408544289","1746739385897545728","stegoakanmenang"
"1841707943940784606","Thu Oct 03 07:22:37 +0000 2024","0","@AgikMauripta Tantangan dalam pengelolaan limbah dan polusi mendorong pertumbuhan industri pengelolaan lingkungan","1841740624657293577","","AgikMauripta","in","","0","0","0","https://x.com/bambang_shrt/status/1841740624657293577","1703620867434110976","bambang_shrt"
"1841534224308044294","Wed Oct 02 17:49:00 +0000 2024","1","Jgn termakan informasi polusi dr emisi kendaraan itu semua salah. Polusi terbesar itu dr PLTU limbah industri dan industri ilegal sprti pembakaran aki dll dibanten jabar. Terbukti polusi udara memburuk mulai dr malam hari Udara membaik jd bersih jika ada angin speed cepat aja","1841535871092457669","","Polusi_udara01","in","","0","1","0","https://x.com/Polusi_udara01/status/1841535871092457669","1680198797744570369","Polusi_udara01"
"1841524983048372306","Wed Oct 02 17:05:44 +0000 2024","0","Laut Tercemar Limbah Industri Nelayan Jakarta Utara Sulit Sejahtera https://t.co/QHbqm3T52e","1841524983048372306","","","in","Indonesia","0","0","1","https://x.com/rmol_id/status/1841524983048372306","990237626","rmol_id"
"1841485301304430990","Wed Oct 02 14:28:23 +0000 2024","0","Inovasi paling mengesankan datang dari program unggulan industri Lapas Garut. Pengolahan limbah sabut kelapa menjadi produk Coir Shade tidak hanya menciptakan keterampilan bernilai tinggi bagi warga binaan https://t.co/3tlUjTEsMb","1841485382908522852","https://pbs.twimg.com/media/GY5FMkZbQAAo6UP.jpg","Lapas_Garut","in","Garut, Indonesia","0","1","0","https://x.com/Lapas_Garut/status/1841485382908522852","755986061080207360","Lapas_Garut"
"1841279142937174112","Wed Oct 02 08:00:33 +0000 2024","0","@fverocious tapi kalo kena limbah industri kiamat sudah","1841387784642199895","","fverocious","in","Solo","0","0","0","https://x.com/ayufaparwaa/status/1841387784642199895","1335264585633288199","ayufaparwaa"
"1841334032287883426","Wed Oct 02 04:26:58 +0000 2024","0","Teknologi RT ECO‚Ñ¢ merupakan inovasi yang dirancang untuk mengolah limbah industri kelapa sawit secara efisien dan ramah lingkungan sesuai dengan Peraturan Menteri Lingkungan Hidup Nomor 5 Tahun 2014 tentang Baku Mutu Air Limbah. Teknologi ini memungkinkan pabrik kelapa sawit https://t.co/e5ESUCvx3z","1841334032287883426","https://pbs.twimg.com/media/GY27XsqaQAAaaHa.jpg","","in","Menara Ravindo 6th floor Jkt","0","0","0","https://x.com/AquaJayaSumber/status/1841334032287883426","1623541003151110149","AquaJayaSumber"
"1841330055806640487","Wed Oct 02 04:16:02 +0000 2024","0","Ketua Dewan Pakar Yayasan Batik Indonesia (YBI) juga penggagas batik ramah lingkungan Komarudin Ludiya mengatakan pemerintah sudah membuat program industri hijau dan ramah lingkungan. Perajin batik diharapkan tahu cara mengelola limbah #batik. #haribatik #HariBatikNasional","1841331282883850318","","ESG4Indonesia","in","Indonesia","0","1","0","https://x.com/ESG4Indonesia/status/1841331282883850318","1749672569664679936","ESG4Indonesia"
"1840953465608290816","Tue Oct 01 22:46:30 +0000 2024","0","@BANGSAygSUJUD @0ctoberR1 @99propaganda @are_inismyname @florieliciouss @gtobing2903 @Ndons_Back @genx36545403 @yusufagro @Minietweets_ @mas_veel buat Smelter itu ekstraktif bukan hilirisasi (industri bahan baku- produksi barang jadi) kbanyakan buat smelter tambangnya habis mau jadi apa ...hanya sampah dan limbah","1841248352916423091","","BANGSAygSUJUD","in"," Jakarta  Bali KL","0","0","0","https://x.com/Rudibhisma/status/1841248352916423091","132410571","Rudibhisma"
"1841127159928328411","Tue Oct 01 14:48:49 +0000 2024","0","@sheviona Yah boleh2 dibanding berang-berang limbah industri","1841128137603891638","","sheviona","in","metropollutant city","0","0","0","https://x.com/panjisays/status/1841128137603891638","33844611","panjisays"
"1841109648105226564","Tue Oct 01 13:35:20 +0000 2024","0","Intip 'Rahasia' Kesuksesan Perusahaan Kelola Limbah Industri https://t.co/nT2jHZk6fp","1841109648105226564","","","in","Jakarta Capital Region","0","0","0","https://x.com/cnbcindonesia/status/1841109648105226564","847372542830444544","cnbcindonesia"
"1840378134312726578","Mon Sep 30 18:17:26 +0000 2024","2","@jokowi Jgn termakan informasi polusi dr emisi kendaraan itu semua salah. Polusi terbesar itu dr PLTU limbah industri dan industri ilegal sprti pembakaran aki dll dibanten jabar. Terbukti polusi udara memburuk mulai dr malam hari Udara membaik jd bersih jika ada angin speed cepat aja","1840818250776707192","","Polusi_udara01","in","","0","0","0","https://x.com/Polusi_udara01/status/1840818250776707192","1680198797744570369","Polusi_udara01"
"1840734986640478680","Mon Sep 30 12:46:34 +0000 2024","0","Ingin sekali bikin rumah limbah. Dalam artian tempat untuk menukar limbah dgn uang / sembako. Kebetulan aku tinggal di Zona industri yg mana ada banyak sekali limbah yg dapat di daur ulang. Yuk Ikutan! @07nanas #GalaxyHackathon #VisionForTomorrow #GalaxyTabS10 #ExpandWorkPlay","1840734986640478680","","","in","Kota Tangerang, Banten","0","0","0","https://x.com/YadiNesian/status/1840734986640478680","861036782","YadiNesian"
"1840656078826312078","Mon Sep 30 12:34:33 +0000 2024","0","@samsungID Ingin sekali bikin rumah limbah. Dalam artian tempat untuk menukar limbah dgn uang / sembako. Kebetulan aku tinggal di Zona industri yg mana ada banyak sekali limbah yg dapat di daur ulang. Yuk Ikutan! @iDay4G #GalaxyHackathon #VisionForTomorrow #GalaxyTabS10 #ExpandWorkPlay","1840731963508052008","","samsungID","in","Kota Tangerang, Banten","0","0","0","https://x.com/YadiNesian/status/1840731963508052008","861036782","YadiNesian"
"1840656078826312078","Mon Sep 30 12:34:24 +0000 2024","0","@samsungID Ingin sekali bikin rumah limbah. Dalam artian tempat untuk menukar limbah dgn uang / sembako. Kebetulan aku tinggal di Zona industri yg mana ada banyak sekali limbah yg dapat di daur ulang. Yuk Ikutan! @07nanas #GalaxyHackathon #VisionForTomorrow #GalaxyTabS10 #ExpandWorkPlay","1840731923280482331","","samsungID","in","Kota Tangerang, Banten","0","0","0","https://x.com/YadiNesian/status/1840731923280482331","861036782","YadiNesian"
"1840656078826312078","Mon Sep 30 12:34:16 +0000 2024","0","@samsungID Ingin sekali bikin rumah limbah. Dalam artian tempat untuk menukar limbah dgn uang / sembako. Kebetulan aku tinggal di Zona industri yg mana ada banyak sekali limbah yg dapat di daur ulang. Yuk Ikutan! @UwoooH #GalaxyHackathon #VisionForTomorrow #GalaxyTabS10 #ExpandWorkPlay","1840731892284313761","","samsungID","in","Kota Tangerang, Banten","0","0","0","https://x.com/YadiNesian/status/1840731892284313761","861036782","YadiNesian"
"1840656078826312078","Mon Sep 30 12:34:07 +0000 2024","0","@samsungID Ingin sekali bikin rumah limbah. Dalam artian tempat untuk menukar limbah dgn uang / sembako. Kebetulan aku tinggal di Zona industri yg mana ada banyak sekali limbah yg dapat di daur ulang. Yuk Ikutan! @sapKISSap #GalaxyHackathon #VisionForTomorrow #GalaxyTabS10 #ExpandWorkPlay","1840731854355546622","","samsungID","in","Kota Tangerang, Banten","0","0","0","https://x.com/YadiNesian/status/1840731854355546622","861036782","YadiNesian"
"1840441289546121227","Mon Sep 30 11:38:25 +0000 2024","1","@MasMasBiassaa @hllosaa Temanya TPS limbah B3 di industri ini ","1840717833573224806","","MasMasBiassaa","in","","0","0","0","https://x.com/ayunindy17/status/1840717833573224806","1135854822026911744","ayunindy17"
"1840678850646393296","Mon Sep 30 09:05:19 +0000 2024","0","Nah jika Anda mengonsumsi kerang yang ditangkap dari laut yang tercemar (khususnya tercemar limbah industri dan logam berat) Anda pun terancam mengalami keracunan meski kerang sudah dimasak hingga matang.","1840679305699049948","","alkindiherbal","in","Indonesia - Jakarta","0","1","0","https://x.com/alkindiherbal/status/1840679305699049948","345887795","alkindiherbal"
"1840614400266223644","Mon Sep 30 04:47:24 +0000 2024","1","Pada 12 &amp; 25 September 2024 Bea Cukai Bogor menggelar Customs Visit Customers (CVC) ke PT Solusi Bangun Indonesia &amp; PT Prasadha Pamunah Limbah Industri sebagai bagian dari program pengawasan dan updating profil perusahaan. #BeaCukaiBogor #BeacukaiMakinBaik https://t.co/xtpTgM4hP6","1840614400266223644","https://pbs.twimg.com/media/GYstCOkXUAA7KTV.jpg","","in","Jl.Pajajaran No.18 Bogor 16143","0","1","0","https://x.com/beacukaibogor/status/1840614400266223644","544990230","beacukaibogor"
"1840461167321563568","Sun Sep 29 18:38:31 +0000 2024","0","Kebijakan pemanfaatan limbah untuk industri menunjukkan kepedulian terhadap lingkungan. #JokowiBaktiUntukNegeri","1840461167321563568","","","in","","0","0","0","https://x.com/lia_rahma04/status/1840461167321563568","1701442764314128384","lia_rahma04"
"1840107392685748496","Sun Sep 29 06:50:05 +0000 2024","0","@apralzolam Apalagi di beberapa daerah indo hasil perikanan justru kemungkinan tercemar limbah industri baik logam berat seperti di halmahera atau pembangkit listrik di banten https://t.co/nsaR3ChB1B https://t.co/nse0XCCm54","1840282884638421089","","bambang314","in","","0","0","0","https://x.com/bambang314/status/1840282884638421089","86895961","bambang314"
"1840180061321998441","Sun Sep 29 01:36:22 +0000 2024","0","@marsieles_monly Tantangan dalam pengelolaan limbah dan polusi mendorong pertumbuhan industri pengelolaan lingkungan","1840203935728226389","","marsieles_monly","in","","0","0","0","https://x.com/talia_maryati/status/1840203935728226389","1710193251754663937","talia_maryati"
"1839989621041836183","Sat Sep 28 11:24:46 +0000 2024","3","‚óæ Bisa bekerja dengan tim maupun individu. ‚óæ Paham &amp; mampu melakukan pengelolaan lingkungan (Simpel festronik pengujian lingkungan pengelolaan limbah B3 AMDAL UPL-UKL WWTP Industri Hijau dll) ‚óæ Penempatan Batu Ceper Tangerang.","1839989622907994218","","helmmerah","in","Kediri, Jawa Timur","0","1","0","https://x.com/helmmerah/status/1839989622907994218","4853788294","helmmerah"
"1839886940969283798","Sat Sep 28 04:36:44 +0000 2024","24","Beras ngimpor tuh krn Mulyono ga bisa bujuk pemda-pemda jgn konversi lahan tani jadi pabrik &amp; perumahan ga bisa hukum industri buang limbah tailing ga memberdayakan tanaman padi lokal krn pembudi daya ga ada dukungan buat tes tanam di berbagai lokasi di üáÆüá©","1839886940969283798","","","in","Flensburg","0","3","24","https://x.com/duc_of_nowhere/status/1839886940969283798","1795636356536008704","duc_of_nowhere"
"1839862604921221147","Sat Sep 28 03:00:02 +0000 2024","3","Prinsip zero waste dapat diterapakan pada industri kelapa sawit karena semua bagian dari kelapa sawit dapat dimanfaatkan. Industri ini juga dapat berkontribusi pada pengurangan limbah sekaligus memanfaatkan sumber daya secara lebih efisien. #Jeda https://t.co/X9KmactUMF https://t.co/64MheRiBRv","1839862604921221147","https://pbs.twimg.com/media/GYdKjn7aUAAbcAG.jpg","","in","Indonesia","0","1","0","https://x.com/TirtoID/status/1839862604921221147","4187275698","TirtoID"
"1839850566979334374","Sat Sep 28 02:12:12 +0000 2024","0","Tantangan dalam pengelolaan limbah dan polusi mendorong pertumbuhan industri pengelolaan lingkungan","1839850566979334374","","","in","","0","0","0","https://x.com/nadia_layul/status/1839850566979334374","1711578134787796992","nadia_layul"
"1839524941093642430","Fri Sep 27 12:42:39 +0000 2024","0","@AgikMauripta Tantangan dalam pengelolaan limbah dan polusi mendorong pertumbuhan industri pengelolaan lingkungan","1839646835784470864","","AgikMauripta","in","","0","0","0","https://x.com/handoko_benny8/status/1839646835784470864","1702580723302223872","handoko_benny8"
"1839222388145422650","Fri Sep 27 09:18:58 +0000 2024","0","@afrkml Engga engga mau floride dlm sejarahnya dulu merupakan limbah industri yg gatau harus dibuang kemana dan sudah banyak yg bahas juga dampak buruk bagi kelenjar pineal manusia","1839595577648005400","","afrkml","in","Jakarta Selatan, DKI Jakarta","0","0","0","https://x.com/sarahhaprilyn/status/1839595577648005400","148370198","sarahhaprilyn"
"1839555045572202618","Fri Sep 27 06:37:54 +0000 2024","0","Masalah dalam penanganan limbah cair kelapa sawit menjadi tantangan serius bagi industri kelapa sawit. Salah satu masalah umum adalah kebocoran kolam penampungan limbah yang dapat menyebabkan kontaminasi tanah dan air tanah. Kebocoran ini bisa terjadi akibat buruknya kualitas https://t.co/n1jGWwSiWp","1839555045572202618","https://pbs.twimg.com/media/GYdpjbmaoAAotqw.jpg","","in","Menara Ravindo 6th floor Jkt","0","0","0","https://x.com/AquaJayaSumber/status/1839555045572202618","1623541003151110149","AquaJayaSumber"
"1839530409622687966","Fri Sep 27 05:00:01 +0000 2024","3","Industri kelapa sawit punyai potensi besar untuk menerapkan konsep zero waste di mana seluruh bagian dari kelapa sawit dapat dimanfaatkan tanpa menghasilkan limbah &amp; memiliki nilai ekonomi yang tinggi untuk dapat dimaksimalkan. #Jeda https://t.co/X9KmactmX7 https://t.co/P0fnCt88Hf","1839530409622687966","https://pbs.twimg.com/media/GYdKJ7PaUAA2hw2.jpg","","in","Indonesia","0","0","0","https://x.com/TirtoID/status/1839530409622687966","4187275698","TirtoID"
"1838924196635709874","Wed Sep 25 12:51:10 +0000 2024","0","Bisnis tersebut dapat merusak lingkungan sekitar perumahan dengan limbah industri dan mengganggu pejalan kaki di trotoar. Dalam islam diharuskan membangun bisnis yang bermanfaat dan tidak merugikan orang lain.Sekian dan terima kasih @AdamErje (Syarmila Amani)","1838924203472654821","","urzellmy","in","","0","0","0","https://x.com/urzellmy/status/1838924203472654821","1837073895444336642","urzellmy"
"1838809695563452464","Wed Sep 25 12:48:12 +0000 2024","0","@agnessintiaa Tantangan dalam pengelolaan limbah dan polusi mendorong pertumbuhan industri pengelolaan lingkungan","1838923456395817326","","agnessintiaa","in","","0","0","0","https://x.com/sita_khalifah/status/1838923456395817326","1697528810185596928","sita_khalifah"
"1838835516625518954","Wed Sep 25 06:58:50 +0000 2024","0","9. Pengendalian bahan kimia dan limbah. Pengelolaan bahan kimia dan limbah menjadi prioritas dalam kebijakan ini untuk memastikan bahwa limbah industri tidak mencemari lingkungan sekitar.","1838835538247454827","","bskjikemenperin","in","Jakarta Selatan","0","1","0","https://x.com/bskjikemenperin/status/1838835538247454827","826731719164190720","bskjikemenperin"
"1838772735922835808","Wed Sep 25 02:49:17 +0000 2024","1","Solusi Tepat CALL 0817-6739-069 PERSETUJUAN TEKNIS LINGKUNGAN HIDUP Website: https://t.co/4MahvTesHl IG: https://t.co/B4Q5symGBY Fast Respon: Hubungi: 0817-6739-069 atau Klik https://t.co/zEKShpN54e #Limbahindustrifashion #Limbahindustri #Limbahcair #Limbahindustripabrik #B3 https://t.co/3qgDFHo0Md","1838772735922835808","https://pbs.twimg.com/media/GYShrVIakAEhGVX.jpg","","in","","0","0","1","https://x.com/Konsultan_Air_/status/1838772735922835808","1743204323537141760","Konsultan_Air_"
"1833829321422803119","Fri Sep 13 07:35:59 +0000 2024","0","@Chlanievich @oxfara #BagusTwitIni Pemerintah bisa membuat sentra budidaya ikan air tawar per-kelurahan dengan menghitung kecukupan konsumsi ikan per KK. Sertai juga industri pendukungnya untuk limbah ikan dan kanal pelahapnya jika ada lebih produksinya. Lele dan atau nila paling cepat besarnya.","1834496230799684094","","Chlanievich","in","","0","0","0","https://x.com/kkpunasional/status/1834496230799684094","977832858487177216","kkpunasional"
"1834448278647439641","Fri Sep 13 04:25:35 +0000 2024","0","pencemaran dari pupuk kimia dan limbah industri merusak tanah air dan udara. Emisi gas rumah kaca meningkat memicu pemanasan global yang mengancam spesies termasuk lebih dari 1000 spesies yang terancam punah akibat ekspansi sawit dan pertambangan.","1834448316794634566","","bemfkm_unhas","in","Makassar, Indonesia","0","1","0","https://x.com/bemfkm_unhas/status/1834448316794634566","1257562492324114432","bemfkm_unhas"
"1834044110774435873","Thu Sep 12 06:40:27 +0000 2024","0","@garudadidada10 Tantangan dalam pengelolaan limbah dan polusi mendorong pertumbuhan industri pengelolaan lingkungan","1834119866980159675","","garudadidada10","in","","0","0","0","https://x.com/wibawa_h83/status/1834119866980159675","1698970743978291200","wibawa_h83"
"1833716908484636813","Wed Sep 11 03:59:14 +0000 2024","0","RT ECO‚Ñ¢ adalah inovasi dalam pengelolaan limbah kelapa sawit yang tidak hanya berfokus pada efisiensi proses industri tetapi juga berkomitmen untuk menjaga dan melindungi lingkungan melalui prinsip-prinsip ramah lingkungan nol pembuangan limbah cair dan keberlanjutan. Produk https://t.co/MYB8B4QqZ5","1833716908484636813","https://pbs.twimg.com/media/GXKrrt2bwAAZ8jt.jpg","","in","Menara Ravindo 6th floor Jkt","0","0","0","https://x.com/AquaJayaSumber/status/1833716908484636813","1623541003151110149","AquaJayaSumber"
"1833442758964781325","Tue Sep 10 09:49:52 +0000 2024","0","Saatnya sampling output limbah industri ke sungai","1833442758964781325","","","in","World Wide Weeb","0","0","0","https://x.com/XOPwibu/status/1833442758964781325","148225284","XOPwibu"
"1833430542865600582","Tue Sep 10 09:01:21 +0000 2024","0"," Kegiatan ini kesungguhan Barata Indonesia sebagai BUMN Manufaktur mendukung pelestarian lingkungan melalui pengelolaan limbah bernilai dan harapan kami program TJSL ini berdampak pada peningkatan nilai ekonomi dan sosial yang positif untuk pelaku usaha industri ujar Yoso.","1833430548913787139","","barata_ina","in","Gresik, Indonesia","0","1","0","https://x.com/barata_ina/status/1833430548913787139","4910853925","barata_ina"
"1833400820135838037","Tue Sep 10 07:03:14 +0000 2024","0","dan desain yang inovatif mendorong tumbuhnya inovasi dalam industri kecil khususnya dalam menciptakan produk-produk baru yang bernilai tambah dari limbah. Maju terus industri tekstil Jawa Barat #industri #jawabarat #IndagPESAT #disperindagjabar https://t.co/NxvSoVrxjV","1833400827693961517","https://pbs.twimg.com/media/GXGJMfSbEAM_L08.jpg","indagjabar","in","West Java, Indonesia","0","0","0","https://x.com/indagjabar/status/1833400827693961517","1536545794295312385","indagjabar"
"1833400820135838037","Tue Sep 10 07:03:13 +0000 2024","0","Kepala Disperindag Jabar Noneng Komara Nengsih memberikan sambutan pada kegiatan Pelatihan Inovasi Industri Pertekstilan Pemanfaatan limbah Produksi Sarung Menjadi Produk Bernilai Jual https://t.co/JU2CuJ31ke","1833400820135838037","https://pbs.twimg.com/media/GXGI6VeawAAVvxz.jpg","","in","West Java, Indonesia","0","1","0","https://x.com/indagjabar/status/1833400820135838037","1536545794295312385","indagjabar"
"1833393844874056132","Tue Sep 10 06:36:25 +0000 2024","0","[4] Tidak hanya limbah rumah tangga namun kata dia juga ada beberapa faktor lain seperti limbah industri. Seperti sungai Lemon yang terdampak limbah pabrik PT RMI (Rejoso Manis Indo) &amp; sungai Genjong yang tercemar akibat limbah PT Greenfields. Zainal juga menyebut ada beberapa","1833394075611107664","","radiopatria","in","Blitar - East Java - Indonesia","0","1","0","https://x.com/radiopatria/status/1833394075611107664","100132119","radiopatria"
"1833393844874056132","Tue Sep 10 06:36:10 +0000 2024","0","[3] kategori sedang &amp; di atas target yang ditetapkan. Namun diakuinya secara kualitas memang terus mengalami penurunan selama beberapa waktu terakhir. Turunnya indeks kualitas air sungai ini diakuinya 50 persen disebabkan limbah industri rumah tangga seperti limbah detergen.","1833394013660959149","","radiopatria","in","Blitar - East Java - Indonesia","0","1","0","https://x.com/radiopatria/status/1833394013660959149","100132119","radiopatria"
"1833393844874056132","Tue Sep 10 06:35:30 +0000 2024","0","Kualitas air sungai di Kabupaten Blitar alami tren penurunan. 50 persen disebabkan limbah rumah tangga &amp; industri. Zainal Kholis Kepala Bidang Pengawasan &amp; Pengendalian Kerusakan Lingkungan Dinas Lingkungan Hidup (DLH) Kabupaten Blitar memastikan secara rutin pihaknya melakukan https://t.co/qXKWh1id6w","1833393844874056132","https://pbs.twimg.com/media/GXGF-qTbEAArlfU.jpg","","in","Blitar - East Java - Indonesia","0","1","0","https://x.com/radiopatria/status/1833393844874056132","100132119","radiopatria"
"1833329884279763268","Tue Sep 10 02:21:20 +0000 2024","0","Limbah minyak goreng juga Min jelantah bs jd biodiesel sampai SAF. Didukung rantai logistik dr rumah bank sampah pengepul industri. Menurut pub. Indonesia Oilseeds &amp; Products Annual 2019 konsumsi minyak goreng rumah tangga di Indonesia capai 13 juta ton.¬†Terbesar di dunia.","1833329884279763268","","","in","Indonesia","0","2","0","https://x.com/KKusumawardani/status/1833329884279763268","353985663","KKusumawardani"
"1833327573331484869","Tue Sep 10 02:12:09 +0000 2024","1","Sobat industri ternyata produk dari kelapa sawit itu bukan hanya minyak goreng dan margarin aja loh. Cek postingan ini untuk info selengkapnya ya. #infoperin #jagaindustri #limbah #sawit #hilirisasi https://t.co/jUJk0vgBkm","1833327573331484869","https://pbs.twimg.com/media/GXFJtWPawAAVtN8.jpg","","in","Jakarta Selatan","1","1","1","https://x.com/Kemenperin_RI/status/1833327573331484869","482857866","Kemenperin_RI"
"1833197149338976648","Mon Sep 09 18:45:45 +0000 2024","1","@infoBMKG @dinaslhdki @DKIJakarta Jgn termakan informasi polusi dr emisi kendaraan itu semua salah. Polusi terbesar itu dr PLTU limbah industri dan industri ilegal sprti pembakaran aki dll dibanten jabar. Terbukti polusi udara memburuk mulai dr malam hari Udara membaik jd bersih jika ada angin speed cepat aja","1833215232728306026","","Polusi_udara01","in","","1","1","0","https://x.com/Polusi_udara01/status/1833215232728306026","1680198797744570369","Polusi_udara01"
"1832978516243259863","Mon Sep 09 11:41:57 +0000 2024","0","@airechireia tp nambah¬≤in limbah industri ga sih ","1833108581329129888","","airechireia","in","multiverse","0","1","0","https://x.com/yoshidreamie/status/1833108581329129888","1404425028687388679","yoshidreamie"
"1832841411684950038","Sun Sep 08 20:23:58 +0000 2024","1","@infoBMKG @dinaslhdki @DKIJakarta Jgn termakan informasi polusi dr emisi kendaraan itu semua salah. Polusi terbesar itu dr PLTU limbah industri dan industri ilegal sprti pembakaran aki dll dibanten jabar. Terbukti polusi udara memburuk mulai dr malam hari Udara membaik jd bersih jika ada angin speed cepat aja","1832877560512082157","","Polusi_udara01","in","","0","1","0","https://x.com/Polusi_udara01/status/1832877560512082157","1680198797744570369","Polusi_udara01"
"1832514161068445814","Sat Sep 07 20:19:57 +0000 2024","0","Limbah medis dan limbah industri yang mengandung zat berbahaya dapat menyebabkan penyakit serius bagi manusia seperti infeksi kanker gangguan pernapasan atau keracunan.","1832514161068445814","","","in","Indonesia","1","0","0","https://x.com/alamteGarr/status/1832514161068445814","931942638","alamteGarr"
"1832513687623758028","Sat Sep 07 20:18:04 +0000 2024","0","2. Pembuangan limbah yg tdk tepat masalah serius yg berpotensi mencemari lingkungan merusak ekosistem &amp; membahayakn kesehatan masyarakat. Limbah yg tdk diolah dngn benar/dibuang sembarangan baik limbah rumah tangga industri dsb dpt mencemari tanah air tanah sungai &amp; lautan.","1832513687623758028","","","in","Indonesia","1","0","0","https://x.com/alamteGarr/status/1832513687623758028","931942638","alamteGarr"
"1832250253166440511","Sat Sep 07 02:51:16 +0000 2024","4","Pemberian pakan konsentrat kaya nutrisi untuk penggemukan sapi dpt diperoleh dari bahan di sekitar ataupun limbah industri pertanian. Syarat mutu dan keamanan pakan konsentrat sapi potong diatur lebih lanjut pada SNI 3148-2:2024. #agrostandar #penggemukansapi #pakankonsentrat https://t.co/fOiKjc1oYH","1832250253166440511","https://pbs.twimg.com/media/GW114QAaYAAOYoO.jpg","","in","Bogor, Jawa Barat, Indonesia","0","0","1","https://x.com/bsippkh/status/1832250253166440511","4781178860","bsippkh"
"1831977602342646125","Fri Sep 06 08:47:55 +0000 2024","5","Pakan konsentrat dapat diperoleh dari bahan di sekitar ataupun limbah industri pertanian. Syarat mutu dan keamanan pakan konsentrat sapi potong diatur lebih lanjut pada SNI 3148-2:2024. #agrostandar #penggemukansapi #pakankonsentrat https://t.co/6gPTL49DxE","1831977617735709173","https://pbs.twimg.com/media/GWx97atXcAAXfxa.jpg","bsipkementan","in","Jakarta","0","0","0","https://x.com/bsipkementan/status/1831977617735709173","1471464804","bsipkementan"
